"4756","Aventura Matematica","activity-aventuramatematica.svg","AventuraMatematica-2.xo",nodesc,
"4752","Diamond Fusion","activity-diamondfusion.svg","DiamondFusion-2.xo",nodesc,
"4696","Gears","activity-gears.svg","Gears-6.2.xo",nodesc,
"4692","Get Things Done","activity-getthingsdone.svg","GetThingsDone-2.xo",nodesc,
"4647","Grid Paint","activity-gridpaint.svg","GridPaint-3.xo",nodesc,
"4791","Hello Web","activity-helloweb.svg","HelloWeb-4.xo",nodesc,
"4717","Last One Loses","activity-lastonelosesactivity.svg","LastOneLosesActivity-2.xo",nodesc,
"4705","Markdown","activity-markdown.svg","Markdown-4.xo",desc,
"4775","2 Cars","activity-2cars.svg","2Cars-4.xo",nodesc,
"4293","Abacus","activity-abacus.svg","Abacus-60.1.xo",desc,"help/abacus.html",
"4626","AEIOU","activity-aeiou.svg","AEIOU-6.xo",desc,
"4545","Analyze Journal","activity-analyzejournal.svg","AnalyzeJournal-4.xo",desc,
"4798","Ball and Brick","activity-ballandbrick.svg","BallAndBrick-2.xo",nodesc,
"4761","Bibliography","activity-bibliography.svg","Bibliography-6.xo",desc,
"4609","Biorhythm","activity-biorhythm.svg","Biorhythm-3.xo",desc,
"4231","Bridge","activity-bridge.svg","Bridge-4.xo",desc,
"4024","Browse","activity-browse.svg","Browse-202.xo",desc,"help/browse.html",
"4765","Buttons and Scissors","activity-buttonsandscissors.svg","ButtonsandScissors-5.xo",nodesc,
"4076","Calculate","activity-calculate.svg","Calculate-45.xo",nodesc,"help/calculate.html",
"4708","CEdit","activity-cedit.svg","CEdit-4.xo",desc,
"4069","Chat","activity-chat.svg","Chat-85.xo",desc,"help/chat.html",
"4507","Classroom Broadcast","activity-classroombroadcast.svg","ClassRoomBroadcast-11.xo",nodesc,
"4687","ClipArt","activity-clipart.svg","ClipArt-3.xo",desc,
"4191","Clock","activity-clock.svg","Clock-21.xo",desc,"help/clock.html",
"4221","Color Deducto","activity-colordeducto.svg","ColorDeducto-8.xo",nodesc,
"4704","Connect the Dots","activity-connectthedots.svg","connect_the_dots-1.xo",desc,
"4597","Convert","activity-convert.svg","Convert-3.xo",desc,
"4578","CookieSearch","activity-cookiesearch.svg","CookieSearch-11.xo",desc,
"4528","Countries","activity-countries.svg","Countries-34.xo",desc,
"4764","Dasher","activity-dasher.svg","Dasher-3.xo",desc,
"4220","Deducto","activity-deducto.svg","Deducto-11.xo",desc,
"4058","Develop","activity-develop.svg","Develop-44.xo",desc,
"4353","DevTutor","activity-devtutor.svg","DevTutor-2.xo",desc,
"4475","DidgArt","activity-didgart.svg","DidgArt-28.xo",desc,
"4673","Dimensions","activity-dimensions.svg","Dimensions-59.xo",desc,
"4264","Distance","activity-distance.svg","Distance-35.xo",desc,
"4663","Dots and Boxes","activity-dotsandboxes.svg","Dotsandboxes-4.xo",nodesc,
"4349","Edit","activity-edit.svg","Edit-9.xo",desc,
"4606","Fifty Two","activity-fiftytwo.svg","FiftyTwo-4.xo",desc,
"4040","Finance","activity-finance.svg","Finance-14.xo",desc,
"4731","Flappy","activity-flappy.svg","Flappy-5.xo",desc,
"4774","Flappy Birds","activity-flappybirds.svg","FlappyBirds-4.xo",nodesc,
"4518","Flip","activity-flip.svg","Flip-10.xo",desc,
"4354","Follow Me","activity-followme.svg","FollowMe-26.xo",nodesc,
"4253","FotoToon","activity-fototoon.svg","FotoToon-24.xo",desc,"help/fototoon.html",
"4746","Fractionauts","activity-fractionauts.svg","Fractionauts-2.xo",desc,
"4418","HelloWorld","activity-helloworld.svg","HelloWorld-7.xo",nodesc,
"4709","Hit the Balls","activity-hittheballs.svg","HitTheBalls-2.xo",nodesc,
"4587","I know India","activity-iknowindia.svg","IknowIndia-8.xo",nodesc,
"4719","I know Madagascar","activity-iknowmadagascar.svg","IknowMadagascar-4.xo",nodesc,
"4625","I know my ABCs","activity-iknowmyabcs.svg","IKnowMyABCs-6.xo",nodesc,
"4319","I know Peru","activity-iknowperu.svg","IknowPeru-10.xo",nodesc,
"4653","I know Rwanda","activity-iknowrwanda.svg","IknowRwanda-4.xo",nodesc,
"4600","I know Sri Lanka","activity-iknowsrilanka.svg","IknowSriLanka-4.xo",nodesc,
"4199","I know Uruguay","activity-iknowuruguay.svg","IknowUruguay-13.xo",nodesc,
"4032","Image Viewer","activity-imageviewer.svg","ImageViewer-64.xo",nodesc,
"4086","Implode","activity-implode.svg","Implode-19.xo",desc,
"4042","InfoSlicer","activity-infoslicer.svg","InfoSlicer-26.xo",desc,
"4463","IQ","activity-iq.svg","IQ-23.xo",nodesc,
"4029","IRC","activity-irc.svg","IRC-13.xo",desc,"help/irc.html",
"4285","Java","activity-java.svg","Java-4.xo",desc,
"4045","Jukebox","activity-jukebox.svg","Jukebox-34.xo",desc,"help/jukebox.html",
"4413","Jumble","activity-jumble.svg","Jumble-23.xo",desc,
"4599","Jump","activity-jump.svg","Jump-5.xo",desc,
"4078","Labyrinth","activity-labyrinth.svg","Labyrinth-17.xo",desc,
"4321","Lemonade","activity-lemonade.svg","Lemonade-5.xo",desc,
"4627","Letter Match","activity-lettermatch.svg","LetterMatch-8.xo",nodesc,
"4477","Letters","activity-letters.svg","Letters-27.xo",desc,
"4628","Level","activity-level.svg","Level-3.xo",nodesc,"help/leveltool.html",
"4576","Locosugar","activity-locosugar.svg","LocoSugar-12.xo",desc,
"4056","Log","activity-log.svg","Log-39.xo",desc,"help/log.html",
"4767","Make Them Fall","activity-makethemfall.svg","MakeThemFall-3.xo",nodesc,
"4420","Mancala","activity-mancala.svg","Mancala-24.xo",desc,
"4797","Mastermind","activity-mastermind.svg","Mastermind-2.xo",desc,
"4071","Maze","activity-maze.svg","Maze-28.xo",desc,
"4197","Measure","activity-measure.svg","Measure-102.xo",desc,
"4063","Memorize","activity-memorize.svg","Memorize-54.xo",desc,"help/memorize.html",
"4429","Napier","activity-napier.svg","Napier-6.xo",desc,
"4805","Number Rush","activity-numberrush.svg","NumberRush-2.xo",nodesc,
"4336","Numbers","activity-numbers.svg","Numbers-26.3.xo",desc,
"4555","Nutrition","activity-nutrition.svg","Nutrition-16.xo",desc,"help/nutrition.html",
"4082","Paint","activity-paint.svg","Paint-68.xo",desc,"help/paint.html",
"4409","Paths","activity-paths.svg","Paths-21.xo",desc,
"4193","Physics","activity-physics.svg","Physics-33.xo",desc,"help/physics.html",
"4041","Pippy","activity-pippy.svg","Pippy-71.1.xo",desc,"help/pippy.html",
"4083","PlayGo","activity-playgo.svg","playgo-6.xo",desc,
"4523","Pointillism","activity-pointillism.svg","Pointillism-9.xo",desc,
"4074","Poll","activity-poll.svg","Poll-32.xo",desc,"help/poll.html",
"4437","Portfolio","activity-portfolio.svg","Portfolio-50.xo",desc,
"4320","Pukllanapac","activity-pukllanapac.svg","Pukllanapac-14.xo",desc,"help/pukllanapac.html",
"4790","PyCut","activity-pycut.svg","PyCut-1.2.xo",desc,
"4425","Pyeyes","activity-pyeyes.svg","PyEyes-3.xo",desc,
"4028","Read","activity-read.svg","Read-120.xo",desc,"help/read.html",
"4035","Read ETexts","activity-readetexts.svg","ReadETexts-27.xo",nodesc,
"4567","Recall","activity-recall.svg","Recall-6.xo",desc,
"4517","Reflection","activity-reflection.svg","Reflection-15.xo",desc,
"4607","Reversi","activity-reversi.svg","Reversi-4.xo",nodesc,
"4325","Riverhex","activity-riverhex.svg","riverhex-2.xo",desc,
"4276","ShowJPEG","activity-showjpeg.svg","ShowJPEG-14.xo",desc,
"4785","Simon Says","activity-simonsays.svg","SimonSays-7.xo",nodesc,
"4778","Simulate","activity-simulate.svg","Simulate-3.xo",desc,
"4047","Slider Puzzle","activity-sliderpuzzle.svg","SliderPuzzle-11.xo",nodesc,"help/slider.html",
"4257","Snow","activity-snow.svg","Snow-3.xo",desc,
"4773","Sonic Jump","activity-sonicjump.svg","SonicJump-5.xo",nodesc,
"4038","Speak","activity-speak.svg","Speak-56.xo",nodesc,"help/speak.html",
"4331","Spirolaterals","activity-spirolaterals.svg","Spirolaterals-27.xo",desc,
"4772","Stick Hero","activity-stickhero.svg","StickHero-6.xo",nodesc,
"4263","Stop Watch","activity-stopwatch.svg","StopWatch-20.xo",nodesc,"help/stopwatch.html",
"4565","Story","activity-story.svg","Story-18.xo",desc,
"4291","Sugar Commander","activity-sugarcommander.svg","SugarCommander-11.xo",nodesc,
"4408","sugarizador","activity-sugarizador.svg","sugarizador-1.xo",desc,
"4043","Terminal","activity-terminal.svg","Terminal-45.2.xo",desc,"help/terminal.html",
"4471","Textdungeon","activity-textdungeon.svg","Textdungeon-4.xo",desc,
"4461","Triples","activity-triples.svg","Triples-27.xo",desc,
"4027","TurtleBlocks","activity-turtleblocks.svg","turtleblocks-218.xo",nodesc,
"4516","Turtle in a Pond","activity-turtleinapond.svg","TurtleinaPond-10.xo",nodesc,"help/turtleinapond.html",
"4026","Typing Turtle","activity-typingturtle.svg","TypingTurtle-31.xo",nodesc,"help/typingturtle.html",
"4039","View Slides","activity-viewslides.svg","ViewSlides-15.xo",nodesc,
"4734","WordCloud","activity-wordcloud.svg","WordCloud-5.xo",desc,
"4315","Words","activity-words.svg","Words-23.xo",desc,
"4201","Write","activity-write.svg","Write-99.xo",desc,
"4259","XoLympics","activity-xolympics.svg","XOlympics-4.xo",desc,
"4533","Yupana","activity-yupana.svg","Yupana-18.xo",desc,
"4498","Across and Down","activity-acrossanddown.svg","AcrossandDown-25.xo",nodesc,
"4419","Agu Browser","activity-agubrowser.svg","AguBrowser-4.xo",nodesc,
"4217","Card Sort","activity-cardsort.svg","CardSort-12.xo",nodesc,
"4037","Cartoon Builder","activity-cartoonbuilder.svg","CartoonBuilder-18.xo",nodesc,"help/cartoonbuilder.html",
"4406","Cave Story","activity-cavestory.svg","CaveStory-2.xo",desc,
"4488","Fraction Bounce","activity-fractionbounce.svg","FractionBounce-25.xo",nodesc,
"4261","Gmail","activity-gmail.svg","Gmail-2.xo",nodesc,
"4252","Guido van Robot","activity-guidovanrobot.svg","GuidovanRobot-2.xo",nodesc,
"4051","Help","activity-help.svg","Help-21.xo",desc,"help/help.html",
"4595","JaMath","activity-jamath.svg","JAMath-3.xo",desc,
"4608","JClic","activity-jclic.svg","JClic-2.xo",desc,
"4483","Kiwix","activity-kiwix.svg","Kiwix-10.xo",desc,
"4729","MakeyMakey","activity-makeymakey.svg","MakeyMakey-2.xo",desc,
"4211","Map","activity-map.svg","Map-14.xo",desc,
"4303","MathGraph 32","activity-mathgraph32.svg","MathGraph32-18.xo",nodesc,
"4230","Micropolis","activity-micropolis.svg","Micropolis-9.xo",desc,
"4654","Music Keyboard","activity-musickeyboard.svg","MusicKeyboard-11.xo",nodesc,"help/musickeyboard.html",
"4378","PyDebug","activity-pydebug.svg","PyDebug-8.xo",desc,
"4192","Ruler","activity-ruler.svg","Ruler-34.xo",desc,
"4196","ShowNTell","activity-showntell.svg","ShowNTell-3.xo",desc,
"4084","SocialCalc","activity-socialcalcactivity.svg","socialcalcactivity-8.xo",desc,
"4802","Sugar Labs Academy","activity-sugarlabsacademy.svg","SugarLabsAcademy-3.6.xo",nodesc,
"4311","Vnc Launcher","activity-vnclauncher.svg","VncLauncher-7.xo",nodesc,
"4738","2048","activity-2048.svg","2048-1.xo",desc,
"4763","3d_shapes","activity-3dshapes.svg","3d_shapes-1.xo",desc,
"4465","Acerca de mi","activity-aboutme.svg","about_me-3.xo",desc,
"4615","adventure_book","activity-adventurebook.svg","adventure_book-3.xo",desc,
"4613","annotate","activity-annotate.svg","annotate-1.xo",desc,
"4087","aprs-xo","activity-aprs.svg","aprs-xo-14.xo",desc,
"4432","bingo","activity-bingo.svg","bingo-1.xo",desc,
"4207","blockhead","activity-blockhead.svg","blockhead-7.xo",desc,
"4371","Boxes","activity-boxes.svg","boxes-22.xo",desc,
"4235","breakout","activity-breakout.svg","breakout-80601.xo",desc,
"4602","broadway","activity-broadway.svg","broadway-3.xo",desc,
"4657","butia_ax12_id","activity-butiaax12id.svg","butia_ax12_id-4.xo",desc,
"4621","butia_firmware","activity-butiafirmware.svg","butia_firmware-11.xo",desc,
"4638","calcularte","activity-calcularte.svg","calcularte-1.xo",desc,
"4652","carteando_","activity-carteando.svg","carteando_-1.xo",desc,
"4397","Castle","activity-castle.svg","castle-23.xo",desc,
"4712","cazaproblemas_3","activity-cazaproblemas.svg","cazaproblemas_3-10.xo",desc,
"4658","cells","activity-cells.svg","cells-4.xo",desc,
"4777","cerminal","activity-cerminal.svg","cerminal-1.xo",desc,
"4544","chimeplay","activity-chimeplay.svg","chimeplay-2.xo",desc,
"4645","chutar","activity-chutar.svg","chutar-1.xo",desc,
"4286","Club Othello","activity-clubothello.svg","clubothello-2.xo",desc,
"4372","conozco_actividades","activity-conozcoactividades.svg","conozco_actividades-1.xo",desc,
"4324","Conozco Alimentos","activity-conozcoalimentos.svg","conozco_alimentos-2.xo",desc,
"4442","Conozco elementosquimicos","activity-conozcoelementosquimicos.svg","conozco_elementos_qui__micos-1.xo",desc,
"4361","conozco_nicaragua","activity-conozconicaragua.svg","conozco_nicaragua-1.xo",desc,
"4316","Conozco Numeros","activity-conozconumeros.svg","conozco_numeros-9.xo",desc,
"4469","conozco_paraguay","activity-conozcoparaguay.svg","conozco_paraguay-1.xo",desc,
"4649","contacts","activity-contacts.svg","contacts-3.xo",desc,
"4771","cordova_angular_paint","activity-cordovaangularpaint.svg","cordova_angular_paint-1.xo",desc,
"4806","cowbulls","activity-cowbulls.svg","cowbulls-2.xo",desc,
"4760","crossword","activity-crossword.svg","crossword-1.xo",desc,
"4745","Diccionario guarani Castellano","activity-diccionarioguaranicastellano.svg","diccionario_guarani_castellano-2.xo",desc,
"4212","Domino","activity-domino.svg","domino-10.xo",desc,
"4213","EcoMundo","activity-ecomundo.svg","ecomundo-2.xo",desc,
"4639","elegir","activity-elegir.svg","elegir-2.xo",desc,
"4644","elephant","activity-elephant.svg","elephant-1.xo",desc,
"4379","Eleusis","activity-eleusis.svg","eleusis-22.xo",desc,
"4505","EndGame","activity-endgame.svg","end_game-28.xo",desc,
"4698","espiritualidad_para_ni__os_1","activity-espiritualidadparaninos1.svg","espiritualidad_para_ni__os_1-1.xo",desc,
"4699","espiritualidad_para_ni__os_2","activity-espiritualidadparaninos2.svg","espiritualidad_para_ni__os_2-1.xo",desc,
"4700","espiritualidad_para_ni__os_3","activity-espiritualidadparaninos3.svg","espiritualidad_para_ni__os_3-1.xo",desc,
"4701","espiritualidad_para_ni__os_4","activity-espiritualidadparaninos4.svg","espiritualidad_para_ni__os_4-1.xo",desc,
"4702","espiritualidad_para_ni__os_5","activity-espiritualidadparaninos5.svg","espiritualidad_para_ni__os_5-1.xo",desc,
"4703","espiritualidad_para_ni__os_6","activity-espiritualidadparaninos6.svg","espiritualidad_para_ni__os_6-1.xo",desc,
"4030","Etoys","activity-etoys.svg","etoys-113.xo",desc,
"4574","evil","activity-evil.svg","evil-4.xo",desc, had to reboot to stop,
"4640","expresar","activity-expresar.svg","expresar-1.xo",desc,
"4266","FileShare","activity-fileshare.svg","fileshare-10.xo",desc,
"4262","firefox","activity-firefox.svg","firefox-6.xo",desc,
"4669","fonts","activity-fonts.svg","fonts-1.xo",desc,
"4612","foodchain","activity-foodchain.svg","foodchain-4.xo",desc,
"4054","Freecell","activity-freecell.svg","freecell-3.xo",desc,
"4284","Geogebra","activity-geogebra.svg","geogebra-7.xo",desc,
"4356","GeoJAM","activity-geojam.svg","geojam-3.xo",desc,
"4267","GeoQuiz","activity-geoquiz.svg","geoquiz-5.xo",desc,
"4436","Gnumeric","activity-gnumeric.svg","gnumeric-1.xo",desc,
"4591","graph_plotter","activity-graphplotter.svg","graph_plotter-9.xo",desc,
"4423","Hmouse","activity-hmouse.svg","hmouse-1.xo",desc,
"4209","Hop a round","activity-hop.svg","hop-a-round-2.xo",desc,
"4577","horsegame_","activity-horsegame.svg","horsegame_-5.xo",desc,
"4362","Idle","activity-idle.svg","idle-2.xo",desc,
"4601","image_thumbnail","activity-imagethumbnail.svg","image_thumbnail-8.xo",desc,
"4386","insectos","activity-insectos.svg","insectos-1.xo",desc,
"4667","install","activity-install.svg","install-1.xo",desc,
"4723","install_sugar_web_services","activity-installsugarwebservices.svg","install_sugar_web_services-1.xo",desc,
"4713","install_activities","activity-install.svg","install_activities-3.xo",desc,
"4381","jam_game_boy_advance","activity-jamgameboyadvance.svg","jam_game_boy_advance-2.xo",desc, stops on ctrl q,
"4290","Jam2Jam","activity-jam2jam.svg","jam2jam-4.xo",desc,
"4355","JaMedia","activity-jamedia.svg","jamedia-15.xo",desc, not sugar toolbar,
"4598","jamedialector","activity-jamedialector.svg","jamedialector-1.xo",desc, not sugar toolbar,
"4714","jamediapygihack","activity-jamediapygihack.svg","jamediapygihack-0.0.2.xo",desc, not sugar toolbar,
"4678","jamediaterminal","activity-jamediaterminal.svg","jamediaterminal-1.xo",desc,
"4542","jamediavideo","activity-jamediavideo.svg","jamediavideo-6.xo",desc, not sugar toolbar,
"4635","jamflash","activity-jamflash.svg","jamflash-1.xo",desc,
"4572","jamultiplos","activity-jamultiplos.svg","jamultiplos-5.xo",desc,
"4656","journal_share","activity-journalshare.svg","journal_share-6.xo",desc,
"4643","jugando","activity-jugando.svg","jugando-aprendes-3.xo",desc,
"4770","ka_view","activity-kaview.svg","ka_view-1.xo",desc,
"4224","Kaleidoscope","activity-kaleidoscope.svg","kaleidoscope-12.xo",desc,
"4254","Kandid","activity-kandid.svg","kandid-11.xo",desc,
"4526","Kuku Anakula","activity-kukuanakula.svg","kuku_anakula-5.xo",desc,
"4495","landmine__english","activity-landmineenglish.svg","landmine__english-2.xo",desc,
"4496","landmine__khmer","activity-landminekhmer.svg","landmine__khmer-2.xo",desc,
"4641","lanzar","activity-lanzar.svg","lanzar-2.xo",desc,
"4740","learn_to_code","activity-learntocode.svg","learn_to_code-1.xo",desc,
"4269","leer_pendrive","activity-leerpendrive.svg","leer_pendrive-1.xo",desc,
"4089","Library","activity-library.svg","library-1.xo",desc,
"4789","lion","activity-lion.svg","lion-2.xo",desc,
"4234","Listen and Spell","activity-listenandspell.svg","listenandspell-2.xo",desc,
"4722","manage_homeviews","activity-managehomeviews.svg","manage_homeviews-3.xo",desc,
"4446","Mateton","activity-mateton.svg","mateton-9.xo",desc,
"4404","math_quwy","activity-mathquwy.svg","math_quwy-1.xo",desc,
"4633","mathtest","activity-mathtest.svg","mathtest-1.xo",desc,
"4727","maze_web","activity-mazeweb.svg","maze_web-2.xo",desc, ignores stop,
"4762","measurebots","activity-measurebots.svg","measurebots-1.xo",desc, missing activity icon,
"4624","measurebutia","activity-measurebutia.svg","measurebutia-42.xo",desc, missing activity icon,
"4803","mindmath","activity-mindmath.svg","mindmath-2.xo",desc, needs toolbar,
"4448","mini_vmac","activity-minivmac.svg","mini_vmac-1.xo",desc, mac interface – stop from frame,
"4410","motioncapture","activity-motioncapture.svg","motioncapture-3.xo",desc, epends on internet access,
"4487","MouseCam","activity-mousecam.svg","mousecam-4.xo",desc,
"4730","musicpainter","activity-musicpainter.svg","musicpainter-14.xo",desc,
"4369","nes","activity-nes.svg","nes-1.xo",desc,
"4650","new_patterns","activity-newpatterns.svg","new_patterns-1.xo",desc, import gtk2 module from ._gi,
"4538","oct","activity-oct.svg","oct-29.xo",desc,
"4374","oggconvert","activity-oggconvert.svg","oggconvert-1.xo",desc,
"4422","Ominoes","activity-ominoes.svg","ominoes-22.xo",desc,
"4241","OO4kids","activity-ooo4kids.svg","ooo4kids-3.xo",desc, segmentation fault,
"4439","OO4Kids-Es","activity-ooo4kidses.svg","ooo4kidses-3.xo",desc,
"4634","oopsy","activity-oopsy.svg","oopsy-1.xo",desc,
"4305","open_video_chat","activity-openvideochat.svg","open_video_chat-1.xo",desc,
"4503","OperaJAM","activity-operajam.svg","operajam-1.xo",desc, Operabrowser,
"4226","OurMusic","activity-ourmusic.svg","ourmusic-7.xo",desc,
"4227","OurMusicMC","activity-ourmusicmc.svg","ourmusicmc-7.xo",desc,
"4243","pacman","activity-pacman.svg","pacman-3.xo",desc,
"4677","participaccion","activity-participaccion.svg","participaccion-2.xo",desc,
"4706","pascal_triangle","activity-pascaltriangle.svg","pascal_triangle-1.xo",desc,
"4637","piensa_y_escribe","activity-piensayescribe.svg","piensa_y_escribe-1.xo",desc,
"4384","Pj","activity-pj.svg","pj-22.xo",desc,
"4385","Pj Lite","activity-pjlite.svg","pj_lite-22.xo",desc,
"4287","Plot","activity-plot.svg","plot-6.xo",desc,
"4451","Pmj","activity-pmj.svg","pmj-22.xo",desc,
"4674","prime dimensions","activity-primedimensions.svg","prime_dimensions-55.xo",desc,
"4470","Pursuit","activity-pursuit.svg","pursuit-22.xo",desc,
"4592","pygihack","activity-pygihack.svg","pygihack-1.xo",desc,
"4476","Python tute","activity-pythontute.svg","python_tute-29.xo",desc,
"4530","quake","activity-quake.svg","quake-1.xo",desc, reboot to stop,
"4288","Quinteti","activity-quinteti.svg","quinteti-3.xo",desc,
"4375","Radio","activity-radio.svg","radio-9.xo",desc,
"4382","Rectangles","activity-rectangles.svg","rectangles-23.xo",desc,
"4614","remember","activity-remember.svg","remember-1.xo",desc,
"4725","retroscope","activity-retroscope.svg","retroscope-1.xo",desc,
"4521","roots","activity-roots.svg","roots-1.xo",desc,
"4787","safariactivity","activity-safari.svg","safariactivity-1.xo",desc,
"4707","sash","activity-sash.svg","sash-1.xo",desc,
"4573","scorepad","activity-scorepad.svg","scorepad-1.xo",desc,
"4447","ScreenCast","activity-screencast.svg","screencast-8.xo",desc,
"4242","Scribble","activity-scribble.svg","scribble-2.xo",desc,
"4426","Shapes","activity-shapes.svg","shapes-22.xo",desc,
"4690","Share Favorites","activity-sharefavorites.svg","share_favorites-1.xo",desc, GTK3 error GtkVBox has no attribute ‘hadadjustment’,
"4689","Share Journal Statistics","activity-sharejournalstatistics.svg","share_journal_statistics-1.xo",desc, GTK3 error GtkVBox has no attribute ‘hadadjustment’,
"4472","Simcom","activity-simcom.svg","simcom-26.xo",desc,
"4547","simple_english_wikipedia","activity-simpleenglishwikipedia.svg","simple_english_wikipedia-37.1.xo",desc,
"4593","simplegnuchess","activity-simplegnuchess.svg","simplegnuchess-16.xo",desc,
"4543","sin_diente","activity-sindiente.svg","sin_diente-3.xo",desc,
"4739","slides","activity-slides.svg","slides-1.xo",desc,"notes/slides.html",
"4460","Sokoban","activity-sokoban.svg","sokoban-23.xo",desc,
"4468","Soma","activity-soma.svg","soma-25.xo",desc,
"4301","Sonata","activity-sonata.svg","sonata-11.xo",desc,
"4726","spacewar","activity-spacewar.svg","spacewar-2.xo",desc,
"4679","spirituality_for_kids_1","activity-spiritualityforkids1.svg","spirituality_for_kids_1-3.xo",desc,
"4680","spirituality_for_kids_2","activity-spiritualityforkids2.svg","spirituality_for_kids_2-3.xo",desc,
"4681","spirituality_for_kids_3","activity-spiritualityforkids3.svg","spirituality_for_kids_3-3.xo",desc,
"4684","spirituality_for_kids_4","activity-spiritualityforkids4.svg","spirituality_for_kids_4-3.xo",desc,
"4686","spirituality_for_kids_5","activity-spiritualityforkids5.svg","spirituality_for_kids_5-3.xo",desc,
"4685","spirituality_for_kids_6","activity-spiritualityforkids6.svg","spirituality_for_kids_6-3.xo",desc,
"4579","spray_play","activity-sprayplay.svg","spray_play-3.xo",desc,
"4236","StackAttack","activity-stackattack.svg","stackattack-80601.xo",desc, Etoys project,
"4541","star_catcher","activity-starcatcher.svg","star_catcher-32.xo",desc,
"4073","Story Builder","activity-storybuilder.svg","story_builder-19.xo",desc,
"4403","Sudoku","activity-sudoku.svg","sudoku-28.xo",desc,
"4307","SunmoonMusic","activity-sunmoonmusic.svg","sunmoonmusic-2.xo",desc,
"4308","SunmoonMusicMC","activity-sunmoonmusicmc.svg","sunmoonmusicmc-2.xo",desc,
"4672","Super Chef","activity-superchef.svg","super_chef-2.xo",desc, stop by frame ,
"4655","swift_feet","activity-swiftfeet.svg","swift_feet-1.xo",desc,
"4733","tank_operation","activity-tankoperation.svg","tank_operation-1.xo",desc,
"4481","Telescope","activity-telescope.svg","telescope-12.xo",desc,
"4520","TerronesWeeper","activity-terronesweeper.svg","terronesweeper-2.xo",desc,
"4366","Tessellations","activity-tessellations.svg","tessellations-23.xo",desc,
"4611","testmultitouch","activity-testmultitouch.svg","testmultitouch-5.xo",desc,
"4292","Tetris Mat","activity-tetrismat.svg","tetris_mat-2.xo",desc,
"4080","theorie","activity-theorie.svg","theorie-147.xo",desc,
"4344","tictactoe","activity-tictactoe.svg","tictactoe-1.xo",desc,
"4668","Tortuga de Mexico","activity-tortugademexico.svg","tortuga_de_mexico-179.xo",desc,
"4270","TimeLapse","activity-timelapse.svg","timelapse-2.xo",desc,
"4458","Totem","activity-totem.svg","totem-2.xo",desc,
"4398","Trails","activity-trails.svg","trails-23.xo",desc,
"4537","trans","activity-trans.svg","trans-26.xo",desc,
"4434","Turtle Art Butia","activity-turtlebots.svg","turtlebots-31.xo",desc,
"4341","Turtle Machine","activity-turtlemachine.svg","turtle_machine-22.xo",desc,
"4742","turtle Nutrition","activity-turtlenutrition.svg","turtle_nutrition-204.xo",desc,
"4757","turtleblocks3d","activity-turtleblocks3d.svg","turtleblocks3d-209.1.xo",desc,
"4721","valorar","activity-valorar.svg","valorar-1.xo",desc,
"4596","vascolet","activity-vascolet.svg","vascolet-1.xo",desc,
"4664","vnc_server","activity-vncserver.svg","vnc_server-3.xo",desc,
"4205","Watch Me","activity-watchme.svg","watch_me-3.xo",desc,
"4711","weather","activity-weather.svg","weather-1.xo",desc, requires internet,
"4525","Weigh","activity-weigh.svg","weigh-23.xo",desc,
"4697","welcomeweb","activity-welcomeweb.svg","welcomeweb-2.xo",desc,
"4799","what_is","activity-whatis.svg","what_is-1.xo",desc,
"4401","wikipedia","activity-wikipedia.svg","wikipedia-36.xo",desc,
"4631","wikipediapt","activity-wikipedia-pt.svg","wikipedia_pt-35.xo",desc,
"4411","wikipediaen","activity-wikipedia-en.svg","wikipediaen-36.xo",desc,
"4540","wikipediafr","activity-wikipedia-fr.svg","wikipediafr-36.xo",desc,
"4632","wikipediahi","activity-wikipedia-hi.svg","wikipediahi-35.xo",desc,
"4535","wikipediapl","activity-wikipedia-pl.svg","wikipediapl-33.3.xo",desc,
"4536","wikipediaqu","activity-wikipedia-qu.svg","wikipediaqu-33.3.xo",desc,
"4532","wikipediarw","activity-wikipedia-rw.svg","wikipediarw-33.3.xo",desc,
"4296","Wine","activity-wine.svg","wine-23.xo",desc,
"4031","Wireless Graph","activity-wirelessgraph.svg","wirelessgraph-8.xo",desc,
"4666","word_chimes","activity-wordchimes.svg","word_chimes-2.xo",desc,
"4768","writebooks","activity-writebooks.svg","writebooks-9.xo",desc,
"4223","X2O","activity-x2o.svg","x2o-9.xo",desc, stop from frame,
"4348","xa","activity-xa.svg","xa-1.xo",desc, stop from frame,
"4490","xo_vnc_viewer","activity-xovncviewer.svg","xo_vnc_viewer-1.xo",desc,
"4085","Xoeditor","activity-xoeditor.svg","xoeditor-13.xo",desc,
"4575","yardstick","activity-yardstick.svg","yardstick-1.xo",desc,
"4629","yellow_dot","activity-yellowdot.svg","yellow_dot-2.xo",desc,
"5000","Word Search","activity-wordsearch.svg","wordsearch-3.xo",desc,
"4444","+Ciucdadano","activity-ciudadano.svg","+ciudadano-2.xo",desc,
"4562","acocinarseadicho","activity-acocinarseadicho.svg","acocinarseadicho-1.xo",desc,
"4737","adivinanzas","activity-adivinanzas.svg","adivinanzas_-3.xo",desc,
"4480","anno","activity-anno.svg","anno-1.xo",desc,
"4233","Ayuda","activity-ayuda.svg","ayuda-1.xo",desc,
"4326","Backup","activity-backup.svg","backup-5.xo",desc,
"4557","biodiv","activity-biodiv.svg","biodiv-6.xo",desc,
"4438","buscar_actividades","activity-buscaractividades.svg","buscar_actividades-1.xo",desc,
"4457","butialo","activity-butialo.svg","butialo-5.xo",desc,
"4688","buuble_toon_top","activity-buubletoontop.svg","buuble_toon_top-150.xo",desc,
"4506","CantaBichos","activity-cantabichos.svg","cantabichos-2.xo",desc,
"4744","carrito","activity-carrito.svg","carrito-3.xo",desc,
"4564","ceibalnotifica","activity-ceibalnotifica.svg","ceibalnotifica-1.xo",desc,
"4365","CeibalRadio","activity-ceibalradio.svg","ceibalradio-1.xo",desc,
"4499","chrome","activity-chrome.svg","chrome-1.xo",desc,
"4527","classroomviewer","activity-classroomviewer.svg","classroomviewer-4.xo",desc,
"4295","clics_player","activity-clicsplayer.svg","clics_player-1.xo",desc,
"4753","comodo","activity-comodo.svg","comodo-3.xo",desc,
"4662","contando_con_jamcito","activity-contandoconjamcito.svg","contando_con_jamcito-1.xo",desc,
"4493","crikey","activity-crikey.svg","crikey-61.xo",desc,
"4208","datamanager","activity-datamanager.svg","datamanager-2.xo",desc,
"4769","dj_jarm","activity-djjarmthefarmer.svg","dj_jarm-the_farmer-1.xo",desc,
"4225","EatBoom","activity-eatboom.svg","eatboom-2.xo",desc,
"4473","El Secreto de Graken","activity-elsecretodegraken.svg","el_secreto_de_graken-3.xo",desc,
"4214","ElementsActivity","activity-elementsactivity.svg","elementsactivity-2.xo",desc,
"4265","EscribirEspecial","activity-escribirespecial.svg","escribirespacial-61.xo",desc, no module named abiword,
"4594","fantascar","activity-fantascar.svg","fantascar-1.xo",desc, no module named hulahop,
"4788","farmer","activity-farmer.svg","farmer-1.xo",desc, no module named hulahop,
"4329","FileMix","activity-filemix.svg","filemix-10.xo",desc, fails with config error,
"4402","FileMixAuto","activity-filemixauto.svg","filemixauto-5.xo",desc, invalid literal for int() ‘olpc’,
"4580"," gogonews","activity-gogonews.svg","gogonews-1.xo",nodesc, no module named webkit,
"4724","gravatar","activity-gravatar.svg","gravatar-4.xo",desc, requires network ,
"4665","gtk_draw_area_example","activity-gtkdrawareaexample.svg","gtk_draw_area_example-1.xo",desc,
"4651","gvsig_batovi_map_viewer","activity-gvsigviewer.svg","gvsig_batovi_map_viewer-5.xo",desc, needs  JRE,
"4332","help_arabic","activity-helparabic.svg","help_arabic-5.xo",desc, no module named hulahop,
"4195","Help FR","activity-helpfr.svg","helpfr-4.xo",desc, no module named hulahop,
"4736","ihomework","activity-ihomework.svg","ihomework-5.xo",desc, invalid  url for WebSocket,
"4459","Image Processor","activity-imageprocessor.svg","image_processor-8.xo",desc, no module named evince,
"4710","incursion","activity-incursion.svg","incursion-1.xo",desc, no module named hulahop,
"4435","jamactivityflash","activity-jamactivityflash.svg","jamactivityflash-1.xo",desc, nomodule named hulahop,
"4474","JamCalibre","activity-jamcalibre.svg","jamcalibre-2.xo",desc, bad execv using class instead of exec,
"4519","JamEdit","activity-jamedit.svg","jamedit-1.xo",desc, nomodule named gtksourceview2,
"4357","JamMesene","activity-jamesene.svg","jamesene-2.xo",desc, Exception stop_button,
"4064","Joke Machine","activity-jokemachine.svg","joke_machine-14.xo",desc, no module named abiword,
"4554","jpeces","activity-jpeces.svg","jpeces-tangram-6.xo",desc, x window system error,
"4407","Juani Downloader","activity-juanidownloader.svg","juani_downloader-2.xo",desc, no module named vte,
"4330","juegos_flash","activity-juegosflash.svg","juegos_flash-2.xo",desc, no module named hulahop,
"4260","karma","activity-karma.svg","karma-2.xo",desc, missing libORBit-2.so.0,
"4430","learn","activity-learn.svg","learn-61.xo",desc, depends on Firefox,
"4256","lines","activity-lines.svg","lines-1.xo",desc, no module named vte,
"4441","Madagascar","activity-madagascar.svg","madagascar-2.xo",desc, no module named hulahop,
"4445","mapa_ceibal","activity-mapaceibal.svg","mapa_ceibal-5.xo",desc, no module named hulahop,
"4202","mapstats","activity-mapstats.svg","mapstats-1.xo",desc, no module named hulahop,
"4272","mathematical adventure fortune hunter","activity-mafh.svg","mafh-3.xo",desc, No module named vte  - Mathematical Adventure – Fortune Hunter mafh-3.xo,
"4416","mathme","activity-mathme.svg","mathme-1.xo",desc, error launch unrecognixed arguments,
"4504","melloworld","activity-melloworld.svg","melloworld-3.gtk3.xo",desc, incorrect port to Gtk3 (note bundle name),
"4462","minecraft","activity-minecraft.svg","minecraft-1.xo",desc, java not found,
"4743","neko","activity-neko.svg","neko-1.xo",desc, gtksourceview2 is not defined,
"4755","neko_arco__ris","activity-nekoarcoris.svg","neko_arco__ris-1.xo",desc, gtksourceview2 is not defined,
"4248","nijafable","activity-nijafable.svg","nijafable-1.xo",desc, incomplete activity,
"4440","OO4Kids-Fr","activity-ooo4kidsfr.svg","ooo4kidsfr-3.xo",desc, segmentation fault,
"4500","pitivijam","activity-pitivijam.svg","pitivijam-1.xo",desc, no module named zope.interface.verify ,
"4322","produce_puzzle","activity-producepuzzle.svg","produce_puzzle-5.xo",desc, import vte,
"4556","puzzleton","activity-puzzleton.svg","puzzleton-2.xo",desc, import stop buttons,
"4198","quiz","activity-quiz.svg","quiz-5.xo",desc, obsolete version,
"4327","Restore","activity-restore.svg","restore-4.xo",desc, stop button,
"4549","root_convert","activity-rootconvert.svg","root_convert-1.xo",desc,  no module named vte,
"4489","Sample Play","activity-sampleplay.svg","sampleplay-4.xo",desc, invalid literal for int() ‘olpc’,
"4715","sdownloader","activity-sdownloader.svg","sdownloader-1.xo",desc, no module named vte,
"4531","Shock Therapy","activity-shocktherapy.svg","shock_therapy-6.xo",desc, no module named webkit,
"4671","sketchometry","activity-sketchometry.svg","sketchometry-3.xo",desc, no module named webkit,
"4502","skype","activity-skype.svg","skype-1.xo",desc, missing libXes.so.1,
"4670","skytime","activity-skytime.svg","skytime-3.xo",desc, malformed bundle: all files must be inside a directory with ‘.activity’,
"4494","Sugar File Manager","activity-sugarfilemanager.svg","sugar_file_manager-2.xo",desc, no module named gnomefs,
"4619","sugar_network","activity-sugarnetwork.svg","sugar_network-0.7.1.xo",desc, PyWebKitGtk is not installed,
"4718","surfingnow","activity-surfingnow.svg","surfingnow-2.xo",desc, no module named webkit,
"4794","synonym_antonym_activity","activity-synonymantonym.svg","synonym_antonym_activity-1.0.1.xo",desc, malformed bundle: all files must be inside a directory with ‘.activity’,
"4454","t2","activity-t2.svg","t2-1.xo",desc, no module named hulahop,
"4776","tank_battle","activity-tankbattle.svg","tank_battle-1.xo",desc, no module named hulahop,
"4455","TeachTeacher","activity-teachteacher.svg","teachteacher-3.xo",desc, no module named hulahop,
"4660","tixo","activity-tixo.svg","tixo-2.xo",desc, Stop-buttons,
"4298","TurtleArt Mini","activity-turtleartmini.svg","turtle_art_mini-149.xo",desc, not a zip file,
"4088","TuxPaint","activity-tuxpaint.svg","tux_paint-6.xo",desc, missing libpng12.so.0,
"4203","update","activity-update.svg","update-1.xo",desc, import gtk2 module from ._gi,
"4216","usb_creator","activity-usbcreator.svg","usb_creator-1.xo",desc, no module named usbcreator.gtk_frontend,
"4630","vp__vonskeet_productions_","activity-vpvonskeetproductions.svg","vp__vonskeet_productions_-1.xo",desc, syntax error,
"4675","word_dimensions","activity-worddimensions.svg","word_dimensions-55.xo",desc, not a zip fie,
"4801","wormgameg","activity-wormgameg.svg","wormgameg-1.xo",desc, not a zip fie,
"4810","wormgamez","activity-wormgamez.svg","wormgamez-1.xo",desc, not a zip fie,
"4377","xophoto","activity-xophoto.svg","xophoto-9.xo",desc, no module named wnck,
"4501","YumDownloader","activity-yumdownloader.svg","yum_downloader-4.xo",desc, no module named vte,
"4754","Ahorcadito","activity-ahorcadito.svg","Ahorcadito-9.xo",nodesc,
"4268","Ajedrez","activity-ajedrez.svg","Ajedrez-3.xo",desc,
"4585","Amazonas Tortuga","activity-amazonastortuga.svg","AmazonasTortuga-193.xo",desc,
"4200","Analyze","activity-analyze.svg","Analyze-9.xo",nodesc,
"4204","Arithmetic","activity-arithmetic.svg","Arithmetic-3.xo",desc,
"4491","Ayni","activity-ayni.svg","Ayni-2.xo",desc,
"4563","BaltiGames","activity-baltigames.svg","BaltiGames-3.xo",nodesc,
"4370","Bichos","activity-bichos.svg","Bichos-2.xo",nodesc,
"4232","Block Party","activity-blockparty.svg","BlockParty-8.xo",desc,
"4399","BlockU","activity-blocku.svg","Blocku-4.xo",desc,
"4055","Bounce","activity-bounce.svg","Bounce-8.xo",desc,
"4588","Bulletin Board","activity-bulletinboard.svg","BulletinBoard-3.xo",nodesc,
"4360","Calendario","activity-calendario.svg","calendario-6.xo",desc,
"4741","Colgadito","activity-colgadito.svg","Colgadito-4.xo",nodesc,
"4050","Colors!","activity-colors.svg","Colors!-16.xo",nodesc,
"4622","Compress","activity-compress.svg","Compress-15.xo",desc,
"4318","Constellations FlashCards","activity-constellationsflashcard.svg","constellationsflashcards-1.xo",desc,
"4676","cuidarme","activity-cuidarme2.svg","cuidarme-2.xo",nodesc,
"4485","Derecho a transitar","activity-derechoatransitar.svg","derecho_a_transitar-3.xo",desc,
"4323","Dr. GEO","activity-drgeo.svg","drgeo-1205.xo",desc,
"4251","Erikos","activity-erikos.svg","Erikos-10.xo",desc,
"4215","Falabracman","activity-falabracman.svg","falabracman-2.xo",desc,
"4623","Feliz Navidad","activity-feliznavidad.svg","FelizNavidad-5.xo",desc,
"4044","Flip Sticks","activity-flipsticks.svg","FlipSticks-14.xo",nodesc,
"4368","Follow Me Butia","activity-followmebutia.svg","FollowMeButia-8.xo",nodesc,
"4206","Food Force 2","activity-foodforce2.svg","FoodForce2-6.xo",nodesc,
"4274","Fortune Maker","activity-fortunemaker.svg","FortuneMaker-2.xo",nodesc,
"4309","Free From Malaria","activity-freefrommalaria.svg","FreeFromMalaria-5.xo",nodesc,
"4072","Frotz","activity-frotz.svg","Frotz-4.xo",desc,
"4373","GCD activity","activity-gcdactivity.svg","gcdActivity-3.xo",nodesc,
"4421","gedit","activity-gedit.svg","gedit-1.xo",desc,
"4786","Geotonky","activity-geotonky.svg","GeoTonky-2.xo",nodesc,
"4383","Gogo","activity-gogo.svg","gogo-2.xo",desc,
"4317","gtranslator","activity-gtranslator.svg","gtranslator-1.xo",desc,
"4400","hacketyhack","activity-hacketyhack.svg","hacketyhack-2.xo",desc,
"4683","icon_change","activity-iconchange.svg","icon_change-1.xo",desc,
"4431","jam media explorer","activity-jamediaexplorer.svg","jamediaexplorer-7.xo",desc,
"4508","Jam Clock","activity-jamclock.svg","JAMClock-3.xo",nodesc,
"4546","JaMediaimagenes","activity-jamediaimagenes.svg","JAMediaImagenes-2.xo",nodesc,
"4548","Jam Media Tube","activity-jamediatube.svg","JAMediaTube-11.xo",nodesc,
"4364","Jam Tank","activity-jamtank.svg","JAMTank-3.xo",nodesc,
"4046","Jigsaw Puzzle","activity-jigsawpuzzle.svg","JigsawPuzzle-12.xo",nodesc,
"4034","Moon","activity-moon.svg","Moon-18.xo",desc,
"4524","Panorama","activity-panorama.svg","Panorama-10.xo",desc,
"4766","peru_learns_english","activity-learnenglish.svg","learn_english-1.xo",desc,
"4484","pilas","activity-pilas.svg","pilas-1.xo",desc,
"4328","pocket lrad","activity-pocketlrad.svg","pocket_lrad-1.xo",desc,
"4340","Read SD Comic","activity-readsdcomics.svg","ReadSDComics-4.xo",desc,
"4222","Slide Rule","activity-sliderule.svg","Sliderule-36.xo",desc,
"4792","solar System","activity-solarsystem.svg","solar_system-1.xo",desc,
"4300","Star Chart","activity-starchart.svg","StarChart-17.xo",nodesc,"help/starchart.html",
"4273","sugar city (simcity)","activity-sugarcity.svg","SugarCity-1.xo",desc,
"4297","Super Tux","activity-supertux.svg","SuperTux-2.xo",nodesc,
"4294","Super Vampire Ninja Zero","activity-supervampireninjazero.svg","SuperVampireNinjaZero-1.xo",nodesc,
"4059","TamTamEdit","activity-tamtamedit.svg","TamTamEdit-67.xo",desc,"help/tamtam.html",
"4060","TamTamJam","activity-tamtamjam.svg","TamTamJam-67.xo",desc,"help/tamtam.html",
"4061","TamTamMini","activity-tamtammini.svg","TamTamMini-67.xo",desc,
"4062","TamTamSynthLab","activity-tamtamsynthlab.svg","TamTamSynthLab-67.xo",desc,
"4497","Time Line","activity-timeline.svg","time_line-4.xo",desc,
"4450","Turtle Confusion","activity-turtleconfusion.svg","TurtleConfusion-195.xo",nodesc,"help/turtleconfusion.html",
"4682","Turtle Flags","activity-turtleflags.svg","TurtleFlags-192.xo",nodesc,
"4271","Tuxmath","activity-tuxmath.svg","Tuxmath-3.xo",desc,
"4299","xaos","activity-xaos.svg","xaos-4.xo",desc,
"4534","Chart","activity-chart.svg","Chart-12.xo",desc,"help/chart.html",
"4304","Get Books","activity-getbooks.svg","GetBooks-18.xo",nodesc,"help/getbooks.html",
"4194","Get IA Books","activity-getiabooks.svg","GetIABooks-9.xo",nodesc,
"4508","Jam Clock","activity-jamclock.svg","JAMClock-3.xo",nodesc,
"4546","JaMediaimagenes","activity-jamediaimagenes.svg","JAMediaImagenes-2.xo",nodesc,
"4783","Blender32","activity-blender32.svg","Blender32-13.xo",nodesc,
"4782","Blender64","activity-blender64.svg","Blender64-13.xo",nodesc,
"4529","I Can Read","activity-icanread.svg","ICanRead-3.xo",nodesc,
